{"cameraMode":{"drawMode":0,"name":"Shaded","section":"Shading Mode"},"sceneLighting":true,"audioPlay":false,"sceneViewState":{"m_AlwaysRefresh":false,"showFog":true,"showSkybox":true,"showFlares":true,"showImageEffects":true,"showParticleSystems":true,"showVisualEffectGraphs":true,"m_FxEnabled":true},"in2DMode":false,"pivot":{"x":1285.7078857421875,"y":747.2161865234375,"z":-1563.75830078125},"rotation":{"x":-0.004809767473489046,"y":-0.005400457885116339,"z":0.00003755003854166716,"w":-0.9999867677688599},"size":1.8983389139175416,"orthographic":false}