{"cameraMode":{"drawMode":0,"name":"Shaded","section":"Shading Mode"},"sceneLighting":true,"audioPlay":false,"sceneViewState":{"m_AlwaysRefresh":false,"showFog":true,"showSkybox":true,"showFlares":true,"showImageEffects":true,"showParticleSystems":true,"showVisualEffectGraphs":true,"m_FxEnabled":true},"in2DMode":false,"pivot":{"x":527.0973510742188,"y":634.6444091796875,"z":-832.7774658203125},"rotation":{"x":-0.09454875439405441,"y":-0.050152696669101718,"z":0.004782453179359436,"w":-0.9942609071731567},"size":15.230637550354004,"orthographic":false}